id;theme_id;title;image_url;sort_order;created_at;updated_at
f8bef724-a108-4edf-886b-da49b4805854;1eebf462-b28d-4cb1-9a01-3977e0d264d7;Colosse de Rhodes;https://hettyllitlagtrobxxng.supabase.co/storage/v1/object/public/collection-cards/eec4167a-1d82-453f-a362-f9b9ac8687ae.png;1;2026-01-08 09:53:06.29144+00;2026-01-08 09:53:06.29144+00
dac6f0cc-1ae2-4989-83a9-9fae78b29b87;1eebf462-b28d-4cb1-9a01-3977e0d264d7;Grande Pyramide de Gizeh;https://hettyllitlagtrobxxng.supabase.co/storage/v1/object/public/collection-cards/bb8b9615-9b23-4f3c-bfd4-2ba0e7c35355.png;2;2026-01-08 10:11:52.754566+00;2026-01-08 10:11:52.754566+00
4a253e8b-27d3-452f-8eb1-0d9507f2149b;1eebf462-b28d-4cb1-9a01-3977e0d264d7;Jardins suspendus de Babylone;https://hettyllitlagtrobxxng.supabase.co/storage/v1/object/public/collection-cards/ccbbd28a-fd77-494d-8f71-cd100bd08c27.png;2;2026-01-08 10:11:53.359385+00;2026-01-08 10:11:53.359385+00
7a211692-885e-430e-8de0-2b6abe861929;1eebf462-b28d-4cb1-9a01-3977e0d264d7;Mausolée d’Halicarnasse;https://hettyllitlagtrobxxng.supabase.co/storage/v1/object/public/collection-cards/f2672353-c302-4bb5-99e0-a79b0a002f1e.png;2;2026-01-08 10:11:54.376978+00;2026-01-08 10:11:54.376978+00
d0cda53b-820c-4782-ba0a-42db183147c3;1eebf462-b28d-4cb1-9a01-3977e0d264d7;Phare d’Alexandrie;https://hettyllitlagtrobxxng.supabase.co/storage/v1/object/public/collection-cards/a9d16df6-beca-4702-978d-e5c860f4a3cd.png;2;2026-01-08 10:11:55.011662+00;2026-01-08 10:11:55.011662+00
dea4c21a-4e0d-4ddb-809c-96fb1e7d59a4;1eebf462-b28d-4cb1-9a01-3977e0d264d7;Statue de Zeus à Olympie;https://hettyllitlagtrobxxng.supabase.co/storage/v1/object/public/collection-cards/97786381-9bf8-4ce5-9f48-30bf772cdb78.png;2;2026-01-08 10:11:55.557316+00;2026-01-08 10:11:55.557316+00
489f9181-07e9-4645-8d9d-302e6dfc3669;1eebf462-b28d-4cb1-9a01-3977e0d264d7;Temple d’Artémis à Éphèse;https://hettyllitlagtrobxxng.supabase.co/storage/v1/object/public/collection-cards/678cc70d-7a06-41b5-8aeb-85a0c6105130.png;2;2026-01-08 10:11:56.085551+00;2026-01-08 10:11:56.085551+00
36263a44-42a3-415d-a0cf-6e1771cfc296;8f4c5e3c-2c92-4584-939f-7af1f29e04e0;Christophe Colomb;https://hettyllitlagtrobxxng.supabase.co/storage/v1/object/public/collection-cards/a526166a-fd1c-44ba-af65-da98868b47e2.png;1;2026-01-08 10:12:26.876959+00;2026-01-08 10:12:26.876959+00
d154c51e-e6d9-438e-9b89-d43961d90653;8f4c5e3c-2c92-4584-939f-7af1f29e04e0;Exploration spatiale;https://hettyllitlagtrobxxng.supabase.co/storage/v1/object/public/collection-cards/af71bab7-0f81-493b-87c0-aa959730e53c.png;1;2026-01-08 10:12:27.603135+00;2026-01-08 10:12:27.603135+00
0e072432-f118-4c42-9c47-d5cbae00e16a;8f4c5e3c-2c92-4584-939f-7af1f29e04e0;Fernand de Magellan;https://hettyllitlagtrobxxng.supabase.co/storage/v1/object/public/collection-cards/68da3628-f55b-4baa-af64-0add090cf8ca.png;1;2026-01-08 10:12:28.21262+00;2026-01-08 10:12:28.21262+00
9d22efdf-b9a3-41b7-9574-b8ddfbbfde70;8f4c5e3c-2c92-4584-939f-7af1f29e04e0;James Cook;https://hettyllitlagtrobxxng.supabase.co/storage/v1/object/public/collection-cards/9a0e2221-2603-45b7-8f28-a50f1bf80d9c.png;1;2026-01-08 10:12:28.862069+00;2026-01-08 10:12:28.862069+00
702758cc-81fa-4115-b0b3-75a9f5d73a15;8f4c5e3c-2c92-4584-939f-7af1f29e04e0;Marco Polo;https://hettyllitlagtrobxxng.supabase.co/storage/v1/object/public/collection-cards/ef19dafa-6cca-4cdb-8b36-a2884a64080d.png;1;2026-01-08 10:12:29.430277+00;2026-01-08 10:12:29.430277+00
42887fbf-c6de-4b7e-80af-448c54a95901;455aca3f-ee36-4b9e-ad59-519070a630ec;Époque contemporaine;https://hettyllitlagtrobxxng.supabase.co/storage/v1/object/public/collection-cards/c3ee8756-72b9-4006-8bd4-d022d24a16d0.png;1;2026-01-08 10:47:28.026491+00;2026-01-08 10:47:28.026491+00
c782a228-a2db-47e7-b14d-6610bfb7efdc;455aca3f-ee36-4b9e-ad59-519070a630ec;Marché de l'Antiquité et temples;https://hettyllitlagtrobxxng.supabase.co/storage/v1/object/public/collection-cards/22ee4f9f-b7d3-4326-b6a1-7d3a0f8f5120.png;1;2026-01-08 10:47:28.814574+00;2026-01-08 10:47:28.814574+00
35496fcd-5c85-4d47-8591-db84b0c44a74;455aca3f-ee36-4b9e-ad59-519070a630ec;Moyen Âge;https://hettyllitlagtrobxxng.supabase.co/storage/v1/object/public/collection-cards/11955798-f329-41f8-b66e-1f3dbb410ec4.png;1;2026-01-08 10:47:30.025241+00;2026-01-08 10:47:30.025241+00
1214e4ee-db27-4a32-a249-dbfad88b4025;455aca3f-ee36-4b9e-ad59-519070a630ec;Néolithique;https://hettyllitlagtrobxxng.supabase.co/storage/v1/object/public/collection-cards/b8c25603-32bf-4c68-886d-b42c356b7747.png;1;2026-01-08 10:47:30.750434+00;2026-01-08 10:47:30.750434+00
92f97a06-d88d-4a7d-b650-4520431b62cf;455aca3f-ee36-4b9e-ad59-519070a630ec;Préhistoire;https://hettyllitlagtrobxxng.supabase.co/storage/v1/object/public/collection-cards/cbeb3254-a218-46bd-b252-aa7247751f68.png;1;2026-01-08 10:47:33.384471+00;2026-01-08 10:47:33.384471+00
e77b5602-d5f9-45f4-8045-93bb9b46b23a;455aca3f-ee36-4b9e-ad59-519070a630ec;Renaissance;https://hettyllitlagtrobxxng.supabase.co/storage/v1/object/public/collection-cards/7bbbe878-5092-4653-b7e3-e13d1e9ebe02.png;1;2026-01-08 10:47:34.445771+00;2026-01-08 10:47:34.445771+00
da3a67f7-a2fe-435a-a674-4cae3f83920d;455aca3f-ee36-4b9e-ad59-519070a630ec;Révolution industrielle;https://hettyllitlagtrobxxng.supabase.co/storage/v1/object/public/collection-cards/0b73295f-91a0-4ee2-a744-0f187c624e40.png;1;2026-01-08 10:47:35.877621+00;2026-01-08 10:47:35.877621+00
18e5c44f-4af8-43ac-ace9-49d6e9e3feb0;171fb060-6faf-47b3-9b8b-4c3b79123a7d;Athènes;https://hettyllitlagtrobxxng.supabase.co/storage/v1/object/public/collection-cards/f87415c4-7faf-4f54-8a84-8442d41b24db.png;1;2026-01-08 11:03:18.145232+00;2026-01-08 11:03:18.145232+00
b3b43ed6-a35b-42bb-a38f-f76618ddea6f;171fb060-6faf-47b3-9b8b-4c3b79123a7d;Brasilia;https://hettyllitlagtrobxxng.supabase.co/storage/v1/object/public/collection-cards/694c0236-9e22-4e23-bdfa-9847d08d63da.png;1;2026-01-08 11:03:18.873992+00;2026-01-08 11:03:18.873992+00
72ea0dc4-422d-4c25-87df-b9bf230e3c99;171fb060-6faf-47b3-9b8b-4c3b79123a7d;Londres;https://hettyllitlagtrobxxng.supabase.co/storage/v1/object/public/collection-cards/1a9bc7d4-8b6c-4d30-bb03-92dd9cd876fb.png;1;2026-01-08 11:03:19.540609+00;2026-01-08 11:03:19.540609+00
5d1f2ea8-18d9-4ba2-b33c-7585dc66d0d3;171fb060-6faf-47b3-9b8b-4c3b79123a7d;Moscou;https://hettyllitlagtrobxxng.supabase.co/storage/v1/object/public/collection-cards/8f9df46f-7ab3-4d09-b911-048dcedef479.png;1;2026-01-08 11:03:20.207346+00;2026-01-08 11:03:20.207346+00
8a71060e-25fb-488d-830e-b4674289869c;171fb060-6faf-47b3-9b8b-4c3b79123a7d;New York;https://hettyllitlagtrobxxng.supabase.co/storage/v1/object/public/collection-cards/b92ba19a-40e5-4fc7-8135-e6e2657e5178.png;1;2026-01-08 11:03:20.963173+00;2026-01-08 11:03:20.963173+00
a795fad8-6ca9-4e8e-8d25-91a9beab3771;171fb060-6faf-47b3-9b8b-4c3b79123a7d;Paris;https://hettyllitlagtrobxxng.supabase.co/storage/v1/object/public/collection-cards/9841df41-dad6-4fb7-af4b-73447bb50b90.png;1;2026-01-08 11:03:21.561588+00;2026-01-08 11:03:21.561588+00
824b400c-6224-46a4-8b0a-6d9fc82924eb;171fb060-6faf-47b3-9b8b-4c3b79123a7d;Pekin;https://hettyllitlagtrobxxng.supabase.co/storage/v1/object/public/collection-cards/c9afeafb-dceb-42d3-a162-772e4a217a89.png;1;2026-01-08 11:03:22.38734+00;2026-01-08 11:03:22.38734+00
493417f8-a855-4d58-9326-e9a22027be14;171fb060-6faf-47b3-9b8b-4c3b79123a7d;Rome;https://hettyllitlagtrobxxng.supabase.co/storage/v1/object/public/collection-cards/8e3a770c-c749-4929-ba1b-3fdf0c2c7efa.png;1;2026-01-08 11:03:22.978816+00;2026-01-08 11:03:22.978816+00
6da8d832-6238-4c79-ad73-ac8dd16b4ffc;171fb060-6faf-47b3-9b8b-4c3b79123a7d;Tokyo;https://hettyllitlagtrobxxng.supabase.co/storage/v1/object/public/collection-cards/02336637-5a43-46a7-bb01-1be18fc452e8.png;1;2026-01-08 11:03:23.595264+00;2026-01-08 11:03:23.595264+00
abfde2e6-1c91-49dc-b130-b7503204752d;17ea8d6a-16c5-4d45-a2f8-27e07b1e101d;Cléopâtre;https://hettyllitlagtrobxxng.supabase.co/storage/v1/object/public/collection-cards/9c9fd0f2-486e-4f44-ba03-1386c152d1dc.png;1;2026-01-08 11:26:35.532449+00;2026-01-08 11:26:35.532449+00
2d189bbc-080d-456e-b5bb-b722d1447f2f;17ea8d6a-16c5-4d45-a2f8-27e07b1e101d;Gandhi;https://hettyllitlagtrobxxng.supabase.co/storage/v1/object/public/collection-cards/c054aa0b-0529-42f5-b33c-86003b78b840.png;1;2026-01-08 11:26:36.202412+00;2026-01-08 11:26:36.202412+00
3339581e-e35d-43e5-8369-36ce1de9cf7f;17ea8d6a-16c5-4d45-a2f8-27e07b1e101d;Jeanne d'Arc;https://hettyllitlagtrobxxng.supabase.co/storage/v1/object/public/collection-cards/f3c35315-4e1d-4c0a-9e04-723e65b23de6.png;1;2026-01-08 11:26:36.841888+00;2026-01-08 11:26:36.841888+00
6a5b6de6-033c-4412-b5d1-cac29f95b373;17ea8d6a-16c5-4d45-a2f8-27e07b1e101d;Jules César;https://hettyllitlagtrobxxng.supabase.co/storage/v1/object/public/collection-cards/8f15eed7-fae3-4b51-b10f-738c32780d5f.png;1;2026-01-08 11:26:37.430988+00;2026-01-08 11:26:37.430988+00
33b70c6d-13d0-4d65-a5f4-fade93c4fde1;17ea8d6a-16c5-4d45-a2f8-27e07b1e101d;Léonard de Vinci;https://hettyllitlagtrobxxng.supabase.co/storage/v1/object/public/collection-cards/2ee69eef-fcca-4655-8ca2-216a98e3cb51.png;1;2026-01-08 11:26:37.953718+00;2026-01-08 11:26:37.953718+00
f48aacc0-5284-4236-9086-c6168ba84647;17ea8d6a-16c5-4d45-a2f8-27e07b1e101d;Marie Curie;https://hettyllitlagtrobxxng.supabase.co/storage/v1/object/public/collection-cards/f243b572-25cd-49a3-94dd-fd44287c3f52.png;1;2026-01-08 11:26:42.469715+00;2026-01-08 11:26:42.469715+00
3ad065a7-ed43-46ae-a84c-d85b7d5faa92;17ea8d6a-16c5-4d45-a2f8-27e07b1e101d;Napoléon Bonaparte;https://hettyllitlagtrobxxng.supabase.co/storage/v1/object/public/collection-cards/b919f8e7-b92c-4b5c-92ed-58978f1d4612.png;1;2026-01-08 11:26:47.673335+00;2026-01-08 11:26:47.673335+00
8c586ad9-81e7-4da1-b882-f71ee834d510;17ea8d6a-16c5-4d45-a2f8-27e07b1e101d;Nelson Mandela;https://hettyllitlagtrobxxng.supabase.co/storage/v1/object/public/collection-cards/992c2fc0-56f5-4629-bab0-768d17d40f39.png;1;2026-01-08 11:26:48.199724+00;2026-01-08 11:26:48.199724+00
9fff03c7-53a2-4f0a-8346-739d9aac67b6;df44ad17-fd5c-4f97-af44-d337d2ca30cb;L’électricité;https://hettyllitlagtrobxxng.supabase.co/storage/v1/object/public/collection-cards/abd8d8d5-615a-4689-a136-75558709605f.png;1;2026-01-08 12:37:16.478329+00;2026-01-08 12:37:16.478329+00
82c7a7d2-6eb0-4492-bfad-c6cb2dac23b3;df44ad17-fd5c-4f97-af44-d337d2ca30cb;La machine à vapeur;https://hettyllitlagtrobxxng.supabase.co/storage/v1/object/public/collection-cards/dbdd2788-e1e8-4365-9a81-47a0136d753e.png;1;2026-01-08 12:37:17.456025+00;2026-01-08 12:37:17.456025+00
ff0f0f6d-106d-44c0-ac6d-6b0010a009ed;df44ad17-fd5c-4f97-af44-d337d2ca30cb;La roue;https://hettyllitlagtrobxxng.supabase.co/storage/v1/object/public/collection-cards/b206df74-2875-4752-9ff4-7ebb9bb4209a.png;1;2026-01-08 12:37:18.083804+00;2026-01-08 12:37:18.083804+00
4d1386ee-7e8a-45e2-a1de-6ce8fdf8de38;df44ad17-fd5c-4f97-af44-d337d2ca30cb;Le feu;https://hettyllitlagtrobxxng.supabase.co/storage/v1/object/public/collection-cards/524260e8-2a3d-400d-bb08-93298caae733.png;1;2026-01-08 12:37:18.911837+00;2026-01-08 12:37:18.911837+00
2b91936e-c29e-43bd-8d6b-0a02e7bf344b;df44ad17-fd5c-4f97-af44-d337d2ca30cb;L'écriture;https://hettyllitlagtrobxxng.supabase.co/storage/v1/object/public/collection-cards/29cebdcc-a92e-4f7d-b120-a92855911cb0.png;1;2026-01-08 12:37:19.619672+00;2026-01-08 12:37:19.619672+00
9550a06c-fd0f-40f8-9bf9-be82e96ee45a;df44ad17-fd5c-4f97-af44-d337d2ca30cb;L'imprimerie;https://hettyllitlagtrobxxng.supabase.co/storage/v1/object/public/collection-cards/114372e1-d83a-47ab-86fe-ab3303df7691.png;1;2026-01-08 12:37:20.176613+00;2026-01-08 12:37:20.176613+00
38bba6c3-bf2e-4654-b415-705cae8335bd;7187b73e-9640-4ce5-ad13-759a4f2bd96c;Jupiter;https://hettyllitlagtrobxxng.supabase.co/storage/v1/object/public/collection-cards/5b7a33ba-436c-40c3-bf02-5e5ae1f76abf.png;1;2026-01-08 12:50:21.649725+00;2026-01-08 12:50:21.649725+00
d7b6d219-e6c3-45f5-9868-d332cb82da0b;7187b73e-9640-4ce5-ad13-759a4f2bd96c;Mars;https://hettyllitlagtrobxxng.supabase.co/storage/v1/object/public/collection-cards/a2a895bd-1fff-401e-92b2-97c33ad5fe0d.png;1;2026-01-08 12:50:22.176519+00;2026-01-08 12:50:22.176519+00
c467f3a4-f953-4d13-b6a5-71b1d42f40e9;7187b73e-9640-4ce5-ad13-759a4f2bd96c;Mercure;https://hettyllitlagtrobxxng.supabase.co/storage/v1/object/public/collection-cards/7d9146b6-3951-41e8-b32a-0a93f0874ab3.png;1;2026-01-08 12:50:23.025623+00;2026-01-08 12:50:23.025623+00
400a9fb0-b41e-4726-b49b-8baa048cc96c;7187b73e-9640-4ce5-ad13-759a4f2bd96c;Neptune;https://hettyllitlagtrobxxng.supabase.co/storage/v1/object/public/collection-cards/b9a285d2-0960-4aac-97d5-a8d8276219bd.png;1;2026-01-08 12:50:23.565269+00;2026-01-08 12:50:23.565269+00
0d7b1d74-b424-4b11-9d49-58b003c9e677;7187b73e-9640-4ce5-ad13-759a4f2bd96c;Saturne;https://hettyllitlagtrobxxng.supabase.co/storage/v1/object/public/collection-cards/7cca3052-685d-41ee-9ca9-bc1789907d73.png;1;2026-01-08 12:50:24.124171+00;2026-01-08 12:50:24.124171+00
d7d302e0-25b9-4863-83e0-cf61641d136c;7187b73e-9640-4ce5-ad13-759a4f2bd96c;Terre;https://hettyllitlagtrobxxng.supabase.co/storage/v1/object/public/collection-cards/4bb45fe8-e5af-4e92-aee0-25aa84d257a8.png;1;2026-01-08 12:50:27.526879+00;2026-01-08 12:50:27.526879+00
77b7b2e6-4402-4710-9f48-08754f10bb77;7187b73e-9640-4ce5-ad13-759a4f2bd96c;Uranus;https://hettyllitlagtrobxxng.supabase.co/storage/v1/object/public/collection-cards/544d86b5-3752-4919-a83f-1f59d44ada4e.png;1;2026-01-08 12:50:28.221089+00;2026-01-08 12:50:28.221089+00
0076bcc4-657d-4ee5-81aa-3a3c3a83a776;7187b73e-9640-4ce5-ad13-759a4f2bd96c;Venus;https://hettyllitlagtrobxxng.supabase.co/storage/v1/object/public/collection-cards/670b79a9-6023-49eb-9ccc-cedf787fe27c.png;1;2026-01-08 12:50:29.318415+00;2026-01-08 12:50:29.318415+00
6a86d6f7-489f-42d4-8deb-66f08570a40c;8ba5462e-104d-4751-85f1-dc853bf68291;Batterie;https://hettyllitlagtrobxxng.supabase.co/storage/v1/object/public/collection-cards/b5d783ad-8fd2-4ac8-842d-6143ee3df62a.png;1;2026-01-08 13:03:49.573712+00;2026-01-08 13:03:49.573712+00
4d847567-2456-479f-9c71-38f33d50d7af;8ba5462e-104d-4751-85f1-dc853bf68291;Flûte;https://hettyllitlagtrobxxng.supabase.co/storage/v1/object/public/collection-cards/cea36b2f-8194-4fb9-9e6c-b343798982c0.png;1;2026-01-08 13:03:50.238442+00;2026-01-08 13:03:50.238442+00
4fe7c2b8-9210-453f-b352-d86ca4cbcd19;8ba5462e-104d-4751-85f1-dc853bf68291;Guitare;https://hettyllitlagtrobxxng.supabase.co/storage/v1/object/public/collection-cards/2561c770-4dcb-4472-8330-454aefb529ed.png;1;2026-01-08 13:04:00.25067+00;2026-01-08 13:04:00.25067+00
ff61962a-5d78-43bf-9749-4cdbdd040073;8ba5462e-104d-4751-85f1-dc853bf68291;Harpe;https://hettyllitlagtrobxxng.supabase.co/storage/v1/object/public/collection-cards/1562ae70-769a-4a9d-96dc-2af901090df6.png;1;2026-01-08 13:04:01.231163+00;2026-01-08 13:04:01.231163+00
944bb7e5-67e9-4b32-9fe2-7c1874a36829;8ba5462e-104d-4751-85f1-dc853bf68291;Piano;https://hettyllitlagtrobxxng.supabase.co/storage/v1/object/public/collection-cards/6a9cbe6a-6374-4750-b139-5f7503642ada.png;1;2026-01-08 13:04:02.515964+00;2026-01-08 13:04:02.515964+00
cc118e68-a6e7-485e-854c-daded7329176;8ba5462e-104d-4751-85f1-dc853bf68291;Tambour;https://hettyllitlagtrobxxng.supabase.co/storage/v1/object/public/collection-cards/375d1417-52cb-498e-8d82-dc566287b4c6.png;1;2026-01-08 13:04:03.183917+00;2026-01-08 13:04:03.183917+00
eaa29bbe-9669-4c7e-94a1-1e2ea3ac043e;8ba5462e-104d-4751-85f1-dc853bf68291;Trompette;https://hettyllitlagtrobxxng.supabase.co/storage/v1/object/public/collection-cards/a3ded774-3bc3-4944-96b2-bb7f2c63ca20.png;1;2026-01-08 13:04:03.731287+00;2026-01-08 13:04:03.731287+00
8fb44380-fe58-466c-94cf-8c9a87130464;8ba5462e-104d-4751-85f1-dc853bf68291;Violon;https://hettyllitlagtrobxxng.supabase.co/storage/v1/object/public/collection-cards/96d8f79e-39f9-4c2b-8d05-7cd4f1bd905b.png;1;2026-01-08 13:04:04.427793+00;2026-01-08 13:04:04.427793+00
24dd9a9e-b869-40f9-b0a9-d5c2141212fc;87b63473-a97f-4ef9-89eb-a9b3ebea4f88;Calme;https://hettyllitlagtrobxxng.supabase.co/storage/v1/object/public/collection-cards/b33b4fab-8ef0-4bbe-b400-18b9d5fd5a06.png;1;2026-01-09 10:17:10.425658+00;2026-01-09 10:17:10.425658+00
b92c9d30-c5d3-4387-b09b-d512e0679a34;87b63473-a97f-4ef9-89eb-a9b3ebea4f88;Courage;https://hettyllitlagtrobxxng.supabase.co/storage/v1/object/public/collection-cards/35b99f33-2338-4cf0-99d2-16371f79d469.png;1;2026-01-09 10:17:10.89852+00;2026-01-09 10:17:10.89852+00
ee9994a8-5cb7-4a97-a544-57e1ece19cf8;87b63473-a97f-4ef9-89eb-a9b3ebea4f88;Curiosité;https://hettyllitlagtrobxxng.supabase.co/storage/v1/object/public/collection-cards/a5735e25-1301-467a-85e0-9f6795577f0e.png;1;2026-01-09 10:17:11.426458+00;2026-01-09 10:17:11.426458+00
0f5c42bb-d5a3-436b-a276-bdf93092222a;87b63473-a97f-4ef9-89eb-a9b3ebea4f88;Empathie;https://hettyllitlagtrobxxng.supabase.co/storage/v1/object/public/collection-cards/af667570-b2be-4909-bc67-abd728a615a8.png;1;2026-01-09 10:17:11.872111+00;2026-01-09 10:17:11.872111+00
09ee6b4f-6de9-4951-8a7d-9e3c8d03266b;87b63473-a97f-4ef9-89eb-a9b3ebea4f88;Fierté;https://hettyllitlagtrobxxng.supabase.co/storage/v1/object/public/collection-cards/c5b1c19a-9b74-4a8c-8f30-baac7be53f15.png;1;2026-01-09 10:17:12.336991+00;2026-01-09 10:17:12.336991+00
5c1697b8-bcdd-4b07-a1a7-9370d3b1d014;87b63473-a97f-4ef9-89eb-a9b3ebea4f88;Joie;https://hettyllitlagtrobxxng.supabase.co/storage/v1/object/public/collection-cards/ee0d5bdc-0f48-4fb9-853b-ae841926f3fb.png;1;2026-01-09 10:17:13.041765+00;2026-01-09 10:17:13.041765+00
a2bade1b-392e-411c-b6be-c027ebabce0c;87b63473-a97f-4ef9-89eb-a9b3ebea4f88;Patience;https://hettyllitlagtrobxxng.supabase.co/storage/v1/object/public/collection-cards/75ddc726-e417-4e9a-ad66-55448748bec5.png;1;2026-01-09 10:17:13.537515+00;2026-01-09 10:17:13.537515+00
688db3b7-a0ff-4bed-a0b1-fcffae1b3bf6;a2d97a11-d88a-4b8d-b63e-d466d6bd2ad7;Athlétisme;https://hettyllitlagtrobxxng.supabase.co/storage/v1/object/public/collection-cards/930090f5-455f-4c8b-81aa-aed507f1ad01.png;1;2026-01-09 10:59:06.174097+00;2026-01-09 10:59:06.174097+00
62ac0175-6b8d-477e-b912-dbdbe0f1b488;a2d97a11-d88a-4b8d-b63e-d466d6bd2ad7;Basket;https://hettyllitlagtrobxxng.supabase.co/storage/v1/object/public/collection-cards/dff94990-2355-4577-af62-061d9f261d66.png;1;2026-01-09 10:59:06.803272+00;2026-01-09 10:59:06.803272+00
164ceb75-bf5d-4358-b888-baf3dc6cf907;a2d97a11-d88a-4b8d-b63e-d466d6bd2ad7;Escalade;https://hettyllitlagtrobxxng.supabase.co/storage/v1/object/public/collection-cards/9f792729-8126-4a4a-bee8-80b2e42b8abc.png;1;2026-01-09 10:59:07.584091+00;2026-01-09 10:59:07.584091+00
bf822a0d-4583-474d-8039-26b723eb0f09;a2d97a11-d88a-4b8d-b63e-d466d6bd2ad7;Football;https://hettyllitlagtrobxxng.supabase.co/storage/v1/object/public/collection-cards/65dec41e-613a-435b-a46a-3055eadfabc6.png;1;2026-01-09 10:59:09.914147+00;2026-01-09 10:59:09.914147+00
d7904dfc-413b-4eb8-9955-64c4f1c6dc54;a2d97a11-d88a-4b8d-b63e-d466d6bd2ad7;Judo;https://hettyllitlagtrobxxng.supabase.co/storage/v1/object/public/collection-cards/dbc3bb9f-f77f-4689-a85a-b02a3c526537.png;1;2026-01-09 10:59:10.343966+00;2026-01-09 10:59:10.343966+00
c6878e92-2c01-4b66-9d22-d49ec25ff492;a2d97a11-d88a-4b8d-b63e-d466d6bd2ad7;Natation;https://hettyllitlagtrobxxng.supabase.co/storage/v1/object/public/collection-cards/2971064d-f47d-4bf6-8a48-e0b3ed7a7e08.png;1;2026-01-09 10:59:14.771759+00;2026-01-09 10:59:14.771759+00
e528a294-64db-4fa4-b58a-0e01de5fd943;a2d97a11-d88a-4b8d-b63e-d466d6bd2ad7;Skate;https://hettyllitlagtrobxxng.supabase.co/storage/v1/object/public/collection-cards/f0c05d28-70a2-471c-9892-a0d1c259ef69.png;1;2026-01-09 10:59:15.352782+00;2026-01-09 10:59:15.352782+00
e9b511b9-4780-4b74-87f2-ecc4af95ae35;45af60b2-1d69-448c-a943-899c030942f5;Dragon;https://hettyllitlagtrobxxng.supabase.co/storage/v1/object/public/collection-cards/85b33002-1ad6-4163-b924-1edbcbc5c81a.png;1;2026-01-09 10:59:35.212382+00;2026-01-09 10:59:35.212382+00
000d7d01-c1f8-4580-9f05-bee72cb150f5;45af60b2-1d69-448c-a943-899c030942f5;Fée des forêts;https://hettyllitlagtrobxxng.supabase.co/storage/v1/object/public/collection-cards/b71b7322-34a0-4771-9560-53ed61208ed2.png;1;2026-01-09 10:59:40.167848+00;2026-01-09 10:59:40.167848+00
54adf18b-27ad-4c5b-907b-6e6c6c3cbcb1;45af60b2-1d69-448c-a943-899c030942f5;Golem de pierre;https://hettyllitlagtrobxxng.supabase.co/storage/v1/object/public/collection-cards/56d5b9e0-d964-430c-a680-cce0e3ecb131.png;1;2026-01-09 10:59:42.813312+00;2026-01-09 10:59:42.813312+00
33583ef7-ab64-43c8-8b8a-20dc76992ede;45af60b2-1d69-448c-a943-899c030942f5;Griffon;https://hettyllitlagtrobxxng.supabase.co/storage/v1/object/public/collection-cards/89eeb970-af5b-4117-9569-73a9ab767558.png;1;2026-01-09 10:59:43.452393+00;2026-01-09 10:59:43.452393+00
9ddc8ddc-963f-4109-b73b-f0cfcb717f5e;45af60b2-1d69-448c-a943-899c030942f5;Licorne;https://hettyllitlagtrobxxng.supabase.co/storage/v1/object/public/collection-cards/d4d0a940-8ce0-4ad0-8a1d-15b09f71428f.png;1;2026-01-09 10:59:43.995149+00;2026-01-09 10:59:43.995149+00
043177da-5ea8-43ec-abff-072b9310ac30;45af60b2-1d69-448c-a943-899c030942f5;Phenix;https://hettyllitlagtrobxxng.supabase.co/storage/v1/object/public/collection-cards/c611ca53-4919-44be-9e6e-20e4b01aa5f9.png;1;2026-01-09 10:59:45.244192+00;2026-01-09 10:59:45.244192+00
cbf08fb1-4a6b-4fb2-963c-a3487b587952;45af60b2-1d69-448c-a943-899c030942f5;Sirène;https://hettyllitlagtrobxxng.supabase.co/storage/v1/object/public/collection-cards/57439793-3f83-443c-972e-253a0a25dcf7.png;1;2026-01-09 10:59:46.926802+00;2026-01-09 10:59:46.926802+00
d3abc10c-519b-41ed-b039-5c40fe09b9e8;b98bfa15-e2b6-44f7-ae85-c2ed1ec9f5a6;Ankylosaure;https://hettyllitlagtrobxxng.supabase.co/storage/v1/object/public/collection-cards/d4694e03-8927-4240-bb2e-fc30839951c9.png;1;2026-01-09 11:42:30.265313+00;2026-01-09 11:42:30.265313+00
56c04afa-1143-4d2b-9e51-be1206a0d2e5;b98bfa15-e2b6-44f7-ae85-c2ed1ec9f5a6;Brachiosaure, épique;https://hettyllitlagtrobxxng.supabase.co/storage/v1/object/public/collection-cards/ab682b5b-c9dd-4906-a4cc-37e0d5261f0d.png;1;2026-01-09 11:42:31.000521+00;2026-01-09 11:42:31.000521+00
a576b347-5176-46f1-b472-bc489521a573;b98bfa15-e2b6-44f7-ae85-c2ed1ec9f5a6;Ichthyosaure;https://hettyllitlagtrobxxng.supabase.co/storage/v1/object/public/collection-cards/284224e4-385d-4e69-a4ef-150078658887.png;1;2026-01-09 11:42:31.755266+00;2026-01-09 11:42:31.755266+00
33fafa36-6a1c-4e8c-87a1-f472601e4fdc;b98bfa15-e2b6-44f7-ae85-c2ed1ec9f5a6;Mamouth;https://hettyllitlagtrobxxng.supabase.co/storage/v1/object/public/collection-cards/68a98ae3-cac4-47ac-bbd5-0f47aa914e3a.png;1;2026-01-09 11:42:32.463123+00;2026-01-09 11:42:32.463123+00
e3507b7c-1eb9-46ce-82db-df28224b0274;b98bfa15-e2b6-44f7-ae85-c2ed1ec9f5a6;Mégalodon;https://hettyllitlagtrobxxng.supabase.co/storage/v1/object/public/collection-cards/241bb855-b9ce-4f4b-babd-3090f24d7aeb.png;1;2026-01-09 11:42:33.138685+00;2026-01-09 11:42:33.138685+00
cf0509e1-1315-492e-8256-24cea4620bb6;b98bfa15-e2b6-44f7-ae85-c2ed1ec9f5a6;Ptérosaure;https://hettyllitlagtrobxxng.supabase.co/storage/v1/object/public/collection-cards/31cca078-69d2-4548-a9b8-e44fea8bfdde.png;1;2026-01-09 11:42:33.726456+00;2026-01-09 11:42:33.726456+00
63fc219c-7dcd-4524-a7a8-bc63d516a214;53e438ee-4f6a-4e44-8476-c1dd754b4ce0;Aphrodite;https://hettyllitlagtrobxxng.supabase.co/storage/v1/object/public/collection-cards/394f4240-a91c-4370-92fa-5cda8fd20b37.png;1;2026-01-09 13:04:57.310457+00;2026-01-09 13:04:57.310457+00
d0268100-4404-4b93-ad18-13dd7eee67fb;53e438ee-4f6a-4e44-8476-c1dd754b4ce0;Apollon;https://hettyllitlagtrobxxng.supabase.co/storage/v1/object/public/collection-cards/7109d492-d035-4ee9-924b-d9bba07f5fee.png;1;2026-01-09 13:04:58.181465+00;2026-01-09 13:04:58.181465+00
dabeed87-bf5e-4a09-9ee2-a7ec79373759;53e438ee-4f6a-4e44-8476-c1dd754b4ce0;Ares;https://hettyllitlagtrobxxng.supabase.co/storage/v1/object/public/collection-cards/3835db01-6aba-45e3-aa3b-d111d15ff7af.png;1;2026-01-09 13:04:59.20072+00;2026-01-09 13:04:59.20072+00
65c3ed95-538f-44ed-bd06-fa31e301c2de;53e438ee-4f6a-4e44-8476-c1dd754b4ce0;Artemis;https://hettyllitlagtrobxxng.supabase.co/storage/v1/object/public/collection-cards/9440dbf0-5270-4768-88cc-de47e540fe01.png;1;2026-01-09 13:04:59.932506+00;2026-01-09 13:04:59.932506+00
e8fa5ee0-de50-4689-9636-5c8281863f21;53e438ee-4f6a-4e44-8476-c1dd754b4ce0;Athéna;https://hettyllitlagtrobxxng.supabase.co/storage/v1/object/public/collection-cards/99f22989-1e59-4e62-8ee0-9fcd586a7d54.png;1;2026-01-09 13:05:00.667917+00;2026-01-09 13:05:00.667917+00
eeb1cfe6-d7a8-4c54-a51c-de04c5bc2458;53e438ee-4f6a-4e44-8476-c1dd754b4ce0;Déméter;https://hettyllitlagtrobxxng.supabase.co/storage/v1/object/public/collection-cards/d7189a01-aebd-46ed-bd4f-74f74b5aefbe.png;1;2026-01-09 13:05:01.247012+00;2026-01-09 13:05:01.247012+00
de62ccce-9713-4a09-b360-acce1e6db9f6;53e438ee-4f6a-4e44-8476-c1dd754b4ce0;Hades;https://hettyllitlagtrobxxng.supabase.co/storage/v1/object/public/collection-cards/e6cb1a6b-d8f7-451f-a8bc-b6fbb96cdb6b.png;1;2026-01-09 13:05:01.922094+00;2026-01-09 13:05:01.922094+00
33aec5a6-aede-4be5-8473-f09d6c6c3b72;53e438ee-4f6a-4e44-8476-c1dd754b4ce0;Héphaïstos;https://hettyllitlagtrobxxng.supabase.co/storage/v1/object/public/collection-cards/13cd67cc-1ca8-48bc-8aaa-9db8d0321bf1.png;1;2026-01-09 13:05:02.753426+00;2026-01-09 13:05:02.753426+00
3c228dd7-c967-4aa0-b0db-93843c8d365d;53e438ee-4f6a-4e44-8476-c1dd754b4ce0;Hermes;https://hettyllitlagtrobxxng.supabase.co/storage/v1/object/public/collection-cards/cd6abacf-0a45-4939-a581-965ddb9ddd25.png;1;2026-01-09 13:05:03.586521+00;2026-01-09 13:05:03.586521+00
005ff500-898b-4ebf-a198-edfad4bcdf45;53e438ee-4f6a-4e44-8476-c1dd754b4ce0;Hestia;https://hettyllitlagtrobxxng.supabase.co/storage/v1/object/public/collection-cards/575ef455-2a2f-4b32-b5ae-3534829e6a54.png;1;2026-01-09 13:05:04.182+00;2026-01-09 13:05:04.182+00
cf95843b-11ee-4550-89b6-49514aa3579e;53e438ee-4f6a-4e44-8476-c1dd754b4ce0;Poseidon;https://hettyllitlagtrobxxng.supabase.co/storage/v1/object/public/collection-cards/25c62404-608c-415c-b3f9-416b5b4a163c.png;1;2026-01-09 13:05:04.797165+00;2026-01-09 13:05:04.797165+00
19847944-2168-4a79-bfd6-4afe6a0ff9ac;53e438ee-4f6a-4e44-8476-c1dd754b4ce0;Zeus;https://hettyllitlagtrobxxng.supabase.co/storage/v1/object/public/collection-cards/11e25a17-cb50-4df9-920a-a7f1d5401da4.png;1;2026-01-09 13:05:05.444064+00;2026-01-09 13:05:05.444064+00
c357af3e-136f-4a75-b328-c428d5b1514d;b6956fbb-17ee-44b9-a831-4de6801582d3;Archer;https://hettyllitlagtrobxxng.supabase.co/storage/v1/object/public/collection-cards/475ce75d-e8cf-4fe2-9808-8d9b0d4c19f3.png;1;2026-01-09 13:39:45.421727+00;2026-01-09 13:39:45.421727+00
7bf6fd4b-a5a7-4c42-a54f-deda73816e4f;b6956fbb-17ee-44b9-a831-4de6801582d3;Chevalier;https://hettyllitlagtrobxxng.supabase.co/storage/v1/object/public/collection-cards/eef6849e-c2b0-49d0-bf91-c4a52fcea1b2.png;1;2026-01-09 13:39:46.120279+00;2026-01-09 13:39:46.120279+00
ea3cf898-75a5-46c0-bcaa-2b645a00284c;b6956fbb-17ee-44b9-a831-4de6801582d3;Gladiateur;https://hettyllitlagtrobxxng.supabase.co/storage/v1/object/public/collection-cards/8ef40e91-63e3-40de-bab0-52fceef3f47c.png;1;2026-01-09 13:39:46.62265+00;2026-01-09 13:39:46.62265+00
6374ba3b-d755-4140-a60d-f1a5e9978e8b;b6956fbb-17ee-44b9-a831-4de6801582d3;Maasai;https://hettyllitlagtrobxxng.supabase.co/storage/v1/object/public/collection-cards/2d71235f-18e0-4599-8c46-e5f12e3c3346.png;1;2026-01-09 13:39:47.132695+00;2026-01-09 13:39:47.132695+00
43a0bd34-4598-4d91-8565-a48dfd9d1b0f;b6956fbb-17ee-44b9-a831-4de6801582d3;Ninja;https://hettyllitlagtrobxxng.supabase.co/storage/v1/object/public/collection-cards/d6b4159d-2fab-4b7a-bb57-0865b3e2af65.png;1;2026-01-09 13:39:47.68971+00;2026-01-09 13:39:47.68971+00
8366d0db-5b1c-46f2-8bca-30eac098de1a;b6956fbb-17ee-44b9-a831-4de6801582d3;Pirate;https://hettyllitlagtrobxxng.supabase.co/storage/v1/object/public/collection-cards/7e7cfd58-9ac8-4877-adec-0e22133ee04d.png;1;2026-01-09 13:39:48.213725+00;2026-01-09 13:39:48.213725+00
a1186af5-170b-4f2c-aee5-6b6796865a25;b6956fbb-17ee-44b9-a831-4de6801582d3;Samouraï;https://hettyllitlagtrobxxng.supabase.co/storage/v1/object/public/collection-cards/753c668f-4efd-403a-945a-d442ab0186c6.png;1;2026-01-09 13:39:48.734419+00;2026-01-09 13:39:48.734419+00
1feb1a70-deec-4265-af6d-f6c6b4d6640d;b6956fbb-17ee-44b9-a831-4de6801582d3;Vikings;https://hettyllitlagtrobxxng.supabase.co/storage/v1/object/public/collection-cards/82acce1a-0740-4a89-8e02-ad5ee1f4e9ff.png;1;2026-01-09 13:39:49.389434+00;2026-01-09 13:39:49.389434+00