id;title;sort_order;created_at;updated_at
455aca3f-ee36-4b9e-ad59-519070a630ec;Les grandes époques de l'histoire;3;2026-01-08 10:46:59.174993+00;2026-01-08 10:46:59.174993+00
1eebf462-b28d-4cb1-9a01-3977e0d264d7;Les merveilles du monde (Antiques);1;2026-01-08 09:52:36.741543+00;2026-01-08 10:47:13.064663+00
8f4c5e3c-2c92-4584-939f-7af1f29e04e0;Les grands explorateurs;2;2026-01-08 10:12:16.194148+00;2026-01-08 11:02:54.521599+00
171fb060-6faf-47b3-9b8b-4c3b79123a7d;Les grandes capitales;4;2026-01-08 11:03:09.57442+00;2026-01-08 11:03:09.57442+00
17ea8d6a-16c5-4d45-a2f8-27e07b1e101d;Les grands personnages historiques;5;2026-01-08 11:26:25.403518+00;2026-01-08 11:26:25.403518+00
df44ad17-fd5c-4f97-af44-d337d2ca30cb;Les grandes inventions;6;2026-01-08 12:37:08.293221+00;2026-01-08 12:37:08.293221+00
7187b73e-9640-4ce5-ad13-759a4f2bd96c;Les planètes du système solaire;7;2026-01-08 12:50:12.867973+00;2026-01-08 12:50:12.867973+00
8ba5462e-104d-4751-85f1-dc853bf68291;Les instruments de musique;8;2026-01-08 13:03:40.769431+00;2026-01-08 13:03:40.769431+00
87b63473-a97f-4ef9-89eb-a9b3ebea4f88;Émotions;9;2026-01-09 10:16:59.844034+00;2026-01-09 10:16:59.844034+00
a2d97a11-d88a-4b8d-b63e-d466d6bd2ad7;Sports;10;2026-01-09 10:58:59.625037+00;2026-01-09 10:58:59.625037+00
45af60b2-1d69-448c-a943-899c030942f5;Créatures fantastiques;11;2026-01-09 10:59:25.156853+00;2026-01-09 10:59:25.156853+00
b98bfa15-e2b6-44f7-ae85-c2ed1ec9f5a6;Dinosaures et créatures préhistoriques;12;2026-01-09 11:42:19.533273+00;2026-01-09 11:42:19.533273+00
53e438ee-4f6a-4e44-8476-c1dd754b4ce0;Les Dieux Grecs;13;2026-01-09 13:04:40.856945+00;2026-01-09 13:04:40.856945+00
b6956fbb-17ee-44b9-a831-4de6801582d3;Les guerriers du monde;14;2026-01-09 13:39:33.818736+00;2026-01-09 13:39:33.818736+00